Optimization Level, Run Number, Cycles, Instructions, Clock Speed (GHz), Branch Misses, Execution time(s), matadd % runtime utilized
1, 1, 1177855162, 973337388, 1.156, 3971807, 1.051370187, 84.41
1, 2, 1162329122, 973337256, 1.155, 3971167, 1.024441237, 71.60
1, 3, 1174782293, 973320786, 1.160, 3959758, 1.042016771, 83.54
1, 4, 1167012073, 973320966, 1.105, 3959837, 1.090423329, 57.83
1, 5, 1156902380, 973320730, 1.160, 3960160, 1.011457204, 71.60
